rgn_id,pressure,AVERAGE MAX DHW,STD ,N
1,1,14.73647003,1.068705641,39
2,1,12.48523071,0.579908356,29