rgn_id,yield_kg_km2
1,3256.801966
2,1797.331261