county_gdp,year,rgn_id
1756.050874,2010,1
1899.958944,2011,1
2184.197501,2012,1
2220.523849,2013,1
2271.170342,2014,1
2252.540277,2015,1
2307.762443,2016,1
1756.050874,2010,2
1899.958944,2011,2
2184.197501,2012,2
2220.523849,2013,2
2271.170342,2014,2
2252.540277,2015,2
2307.762443,2016,2