rgn_id,year,value,reference
1,2009,56,HTA
1,2010,57,HTA
1,2011,56.4253,regression
1,2012,58,HTA
1,2013,55.8099,regression
1,2014,55,HTA
1,2015,54.66666667,HTA
1,2016,54,
1,2009,56,HTA
1,2010,57,HTA
1,2011,56.4253,regression
1,2012,58,HTA
1,2013,55.8099,regression
1,2014,55,HTA
1,2015,54.66666667,HTA
1,2016,54,