rgn_id,shoreline_access,shoreline_area_km,shoreline_mile,value
1,132,640,397.67744,0.331927303
2,132,640,397.67744,0.331927303
