rgn_id,year,percent
1,2004,14.19665628
1,2005,13.18458418
1,2006,14.67862481
1,2007,14.14012739
1,2008,13.812858050000001
1,2009,14.3586471
1,2010,12.96653797
1,2011,10.66536204
1,2012,10.29119788
1,2013,9.69877524
2,2004,14.19665628
2,2005,13.18458418
2,2006,14.67862481
2,2007,14.14012739
2,2008,13.812858050000001
2,2009,14.3586471
2,2010,12.96653797
2,2011,10.66536204
2,2012,10.29119788
2,2013,9.69877524
