rgn_id,pressure_score
1,0.31056013316079
2,0.31056013316079
