rgn_id,pressure_score
1,0.14120067157751
2,0.14120067157751
