rgn_id,mean
1,0.933094824
2,0.933094824
