rgn_id,mean
1,0.390247779
2,0.390247779
