rgn_id,mean
1,0.008969453
2,0.008969453
