rgn_id,mean
1,0.043632704
2,0.043632704
