rgn_id,trend
1,0.0743036191472058
2,0.0743036191472058
