rgn_id,habitat,extent_rank
1,wetland,34.619949
2,wetland,2493.250494
3,wetland,1416.3956939999998
4,wetland,799.304898
