rgn_id,mean
1,0.134496632
2,0.134496632
