rgn_id,resilience.score
1,0.363636363636364
2,0.363636363636364
