rgn_id,value
1,0.612622254289042
2,0.612622254289042
