rgn_id,res_score
1,0.181339768
2,0.181339768
