rgn_id,yield_kg_km2,yield_lbs_km2
1,3256.801966,7180.019077
2,1797.331261,3962.416514