rgn_id,mean
1,0.047607748
2,0.047607748
