rgn_id,w_fis,equal
1,0.999042907,0.5
2,0.999042907,0.5
