rgn_id,resilience.score
1,0.62777777775
2,0.62777777775
