rgn_id,resilience.score
1,0.4444444444445
2,0.4444444444445
