rgn_id,mean
1,0.050628124
2,0.050628124
