rgn_id,mean
1,0.164697301
2,0.164697301
