rgn_id,pressure_score
1,0.11612808
2,0.11612808
