rgn_id,res_score
1,0.291932318
2,0.291932318
