rgn_id,mean
1,1.49342e-4
2,1.49342e-4
