rgn_id,mean
1,0.00269814
2,0.00269814
