rgn_id,mean
1,0.003429
2,0.0039066