rgn_id,res_score
1,0.401603087
2,0.401603087
