rgn_id,km2
1,612.3015611
2,612.3015611
