rgn_id,km2
1,82.99624194
2,76.55425