rgn_id,km2,
1,659.3834028,
2,457.0312068,