rgn_id,km2
1,793.6489072
2,793.6489072
