rgn_id,km2
1,2718.605846
2,2718.605846
