rgn_id,km2
1,507.7281544
2,507.7281544
