rgn_id,km2
1,123.5977539
2,84.1640462