rgn_id,area_acres
1,214.2889596
2,214.2889596
