rgn_id,health_n
1,0.290909091
2,0.290909091
