rgn_id,pressure_score
1,0.336175126414717
2,0.336175126414717
