rgn_id,mean
1,0.001985
2,0.034428