rgn_id,mean
1,0.051427
2,0.030692