rgn_id,mean
1,0.005922086
2,0.005922086
