rgn_id,mean
1,0.050119
2,0.027376