rgn_id,mean
1,0.042465215
2,0.042465215
