rgn_id,mean
1,0.034306367
2,0.034306367
