rgn_id,mean
1,0.002107
2,0.003186