rgn_id,mean
1,0.003284
2,0.011511