rgn_id,mean
1,0.001371659
2,0.001371659
