rgn_id,pressure_score
1,0.395739373183476
2,0.395739373183476
