rgn_id,area_km2
1,8591243.71191
2,8591243.71191
