rgn_id,mean
1,0.196356036
2,0.196356036
