rgn_id,mean
1,0.24228
2,0.32912