rgn_id,mean
1,0.027954883
2,0.027954883
