rgn_id,mean
1,0.003793
2,0.002031