rgn_id,score
1,0.937434373448106
2,0.937434373448106
