rgn_id,score
1,-0.117363909360939
2,-0.117363909360939
