rgn_id,score
1,0.937343219847325
2,0.937343219847325
