rgn_id,res_score
1,0.610356886
2,0.610356886
