rgn_id,resilience_score
1,0.744621690114339
2,0.744621690114339
