rgn_id,value
1,0.752600937
2,0.722737665
