rgn_id,rgn_name,area_km2
1,South,2835102.3118000003
2,North,2028775.35415
