rgn_id,year,daily_spending,perc_change
1,2016,179.6,12
1,2015,160.4,-6.9
1,2014,170.5,-0.2
1,2013,170.9,7.6
1,2012,158.9,5.5
2,2016,246.9,20.63333333
2,2015,192.9666667,-7.666666667
2,2014,214.5666667,5.733333333
2,2013,203.7,2.6
2,2012,199.3666667,2.366666667
3,2016,198.6,-1.8
3,2015,202.3,-3.4
3,2014,209.6,-0.2
3,2013,209.9,-1.9
3,2012,213.9,11.3
4,2016,183.8,6.3
4,2015,172.9,4.8
4,2014,163.7,0.3
4,2013,163.3,3.4
4,2012,158,2.2